<service>
	<id>helloworld.exe</id>
	<name>Hello World</name>
	<description>The nodejs.org example web server.</description>
	<executable>C:\Program Files\nodejs\node.exe</executable>
	<argument>--harmony</argument>
	<argument>--max_old_space_size=4096</argument>
	<argument>C:\Mahota\Source\Node\turay\attendance\nodejs-windows-service\node_modules\node-windows\lib\wrapper.js</argument>
	<argument>--file</argument>
	<argument>C:\Mahota\Source\Node\turay\attendance\backend\dist\server.js</argument>
	<argument>--scriptoptions=</argument>
	<argument>--log</argument>
	<argument>Hello World wrapper</argument>
	<argument>--grow</argument>
	<argument>0.25</argument>
	<argument>--wait</argument>
	<argument>1</argument>
	<argument>--maxrestarts</argument>
	<argument>3</argument>
	<argument>--abortonerror</argument>
	<argument>n</argument>
	<argument>--stopparentfirst</argument>
	<argument>undefined</argument>
	<logmode>rotate</logmode>
	<stoptimeout>30sec</stoptimeout>
	<serviceaccount>
		<domain>INC355N</domain>
		<user>LocalSystem</user>
		<password></password>
	</serviceaccount>
	<workingdirectory>C:\Mahota\Source\Node\turay\attendance\nodejs-windows-service</workingdirectory>
</service>